,Phenotype,Protocol,Animal,Session,Phase,Trial,Num,Cnum,Asym
0,NotAtaxic,Switch,SwitchLeft01,S1,Baseline,1,0,0,0.12690996882895433
1,NotAtaxic,Switch,SwitchLeft01,S1,Baseline,2,1,1,-0.6843181571575485
2,NotAtaxic,Switch,SwitchLeft01,S1,Baseline,3,2,2,0.0
3,NotAtaxic,Switch,SwitchLeft01,S1,Split,4,0,0,-7.062754004892653
4,NotAtaxic,Switch,SwitchLeft01,S1,Intersplit,5,0,0,1.3215960878314092
5,NotAtaxic,Switch,SwitchLeft01,S1,Intersplit,6,1,1,1.2111239963107323
6,NotAtaxic,Switch,SwitchLeft01,S1,Intersplit,7,2,2,0.5819301412562652
7,NotAtaxic,Switch,SwitchLeft01,S1,Split,8,1,1,-5.443149142795107
8,NotAtaxic,Switch,SwitchLeft01,S1,Intersplit,9,3,3,1.107179275666823
9,NotAtaxic,Switch,SwitchLeft01,S1,Intersplit,10,4,4,2.5317105379971565
10,NotAtaxic,Switch,SwitchLeft01,S1,Intersplit,11,5,5,2.7711964616871825
11,NotAtaxic,Switch,SwitchLeft01,S1,Split,12,2,2,-2.4612118499447604
12,NotAtaxic,Switch,SwitchLeft01,S1,Intersplit,13,6,6,2.8783239499486797
13,NotAtaxic,Switch,SwitchLeft01,S1,Intersplit,14,7,7,1.8408573035037818
14,NotAtaxic,Switch,SwitchLeft01,S1,Intersplit,15,8,8,3.4885290897253185
15,NotAtaxic,Switch,SwitchLeft01,S1,Split,16,3,3,-2.2885871656013705
16,NotAtaxic,Switch,SwitchLeft01,S1,Washout,17,0,0,2.699187307646781
17,NotAtaxic,Switch,SwitchLeft01,S1,Washout,18,1,1,3.2581676136363455
18,NotAtaxic,Switch,SwitchLeft01,S1,Washout,19,2,2,1.79913453381468
19,NotAtaxic,Switch,SwitchLeft01,S1,Washout,20,3,3,3.350768426452049
20,NotAtaxic,Switch,SwitchLeft01,S1,Washout,21,4,4,1.9058073409880194
21,NotAtaxic,Switch,SwitchLeft01,S2,Baseline,22,0,3,-0.6928723267834869
22,NotAtaxic,Switch,SwitchLeft01,S2,Baseline,23,1,4,0.3461895566997839
23,NotAtaxic,Switch,SwitchLeft01,S2,Baseline,24,2,5,-1.0025640930792292
24,NotAtaxic,Switch,SwitchLeft01,S2,Split,25,0,4,-4.514551644373441
25,NotAtaxic,Switch,SwitchLeft01,S2,Intersplit,26,0,9,-0.2791048300387047
26,NotAtaxic,Switch,SwitchLeft01,S2,Intersplit,27,1,10,0.1785355384903795
27,NotAtaxic,Switch,SwitchLeft01,S2,Intersplit,28,2,11,1.3514817363084006
28,NotAtaxic,Switch,SwitchLeft01,S2,Split,29,1,5,-5.631726197522028
29,NotAtaxic,Switch,SwitchLeft01,S2,Intersplit,30,3,12,3.250892716224712
30,NotAtaxic,Switch,SwitchLeft01,S2,Intersplit,31,4,13,0.3865559895833144
31,NotAtaxic,Switch,SwitchLeft01,S2,Intersplit,32,5,14,3.078977026120583
32,NotAtaxic,Switch,SwitchLeft01,S2,Split,33,2,6,-5.486120358862053
33,NotAtaxic,Switch,SwitchLeft01,S2,Intersplit,34,6,15,3.3701501711449993
34,NotAtaxic,Switch,SwitchLeft01,S2,Intersplit,35,7,16,2.6932841599589494
35,NotAtaxic,Switch,SwitchLeft01,S2,Intersplit,36,8,17,1.2956407335069002
36,NotAtaxic,Switch,SwitchLeft01,S2,Split,37,3,7,-3.5236551304056434
37,NotAtaxic,Switch,SwitchLeft01,S2,Washout,38,0,5,3.46863871873029
38,NotAtaxic,Switch,SwitchLeft01,S2,Washout,39,1,6,1.970865268899928
39,NotAtaxic,Switch,SwitchLeft01,S2,Washout,40,2,7,1.2068623244160506
40,NotAtaxic,Switch,SwitchLeft01,S2,Washout,41,3,8,1.8037738222064377
41,NotAtaxic,Switch,SwitchLeft01,S2,Washout,42,4,9,1.7936398284603996
42,NotAtaxic,Switch,SwitchLeft01,S3,Baseline,43,0,6,0.3960965859769203
43,NotAtaxic,Switch,SwitchLeft01,S3,Baseline,44,1,7,0.24454136087439338
44,NotAtaxic,Switch,SwitchLeft01,S3,Baseline,45,2,8,1.5309343434343532
45,NotAtaxic,Switch,SwitchLeft01,S3,Split,46,0,8,-5.823732626558581
46,NotAtaxic,Switch,SwitchLeft01,S3,Intersplit,47,0,18,-0.35871255277385217
47,NotAtaxic,Switch,SwitchLeft01,S3,Intersplit,48,1,19,0.8573127515388137
48,NotAtaxic,Switch,SwitchLeft01,S3,Intersplit,49,2,20,1.3729211055871247
49,NotAtaxic,Switch,SwitchLeft01,S3,Split,50,1,9,-4.534418895991166
50,NotAtaxic,Switch,SwitchLeft01,S3,Intersplit,51,3,21,2.0273844401041856
51,NotAtaxic,Switch,SwitchLeft01,S3,Intersplit,52,4,22,0.48072892005998824
52,NotAtaxic,Switch,SwitchLeft01,S3,Intersplit,53,5,23,-0.2347387448705831
53,NotAtaxic,Switch,SwitchLeft01,S3,Split,54,2,10,-4.57101687036382
54,NotAtaxic,Switch,SwitchLeft01,S3,Intersplit,55,6,24,0.5927808357007223
55,NotAtaxic,Switch,SwitchLeft01,S3,Intersplit,56,7,25,-0.45878092447912877
56,NotAtaxic,Switch,SwitchLeft01,S3,Intersplit,57,8,26,-0.04613086430713054
57,NotAtaxic,Switch,SwitchLeft01,S3,Split,58,3,11,-4.708091658775231
58,NotAtaxic,Switch,SwitchLeft01,S3,Washout,59,0,10,1.1971598923808244
59,NotAtaxic,Switch,SwitchLeft01,S3,Washout,60,1,11,-0.26611944641729224
60,NotAtaxic,Switch,SwitchLeft01,S3,Washout,61,2,12,-1.154088492345295
61,NotAtaxic,Switch,SwitchLeft01,S3,Washout,62,3,13,0.07848257970329087
62,NotAtaxic,Switch,SwitchLeft01,S3,Washout,63,4,14,-0.21294487847228538
63,NotAtaxic,Switch,SwitchLeft01,S4,Baseline,64,0,9,-0.111165672841679
64,NotAtaxic,Switch,SwitchLeft01,S4,Baseline,65,1,10,0.633655894886374
65,NotAtaxic,Switch,SwitchLeft01,S4,Baseline,66,2,11,-0.21183514835863093
66,NotAtaxic,Switch,SwitchLeft01,S4,Split,67,0,12,-1.9878348918876583
67,NotAtaxic,Switch,SwitchLeft01,S4,Intersplit,68,0,27,0.1478252988872839
68,NotAtaxic,Switch,SwitchLeft01,S4,Intersplit,69,1,28,-0.08042460740215063
69,NotAtaxic,Switch,SwitchLeft01,S4,Intersplit,70,2,29,1.2562868304286354
70,NotAtaxic,Switch,SwitchLeft01,S4,Split,71,1,13,-4.312781131628782
71,NotAtaxic,Switch,SwitchLeft01,S4,Intersplit,72,3,30,1.974888040561865
72,NotAtaxic,Switch,SwitchLeft01,S4,Intersplit,73,4,31,0.4254196629379692
73,NotAtaxic,Switch,SwitchLeft01,S4,Intersplit,74,5,32,0.7432186242305932
74,NotAtaxic,Switch,SwitchLeft01,S4,Split,75,2,14,-1.7265628082583788
75,NotAtaxic,Switch,SwitchLeft01,S4,Intersplit,76,6,33,1.1987165971235925
76,NotAtaxic,Switch,SwitchLeft01,S4,Intersplit,77,7,34,0.9108109907670467
77,NotAtaxic,Switch,SwitchLeft01,S4,Intersplit,78,8,35,0.622527767913482
78,NotAtaxic,Switch,SwitchLeft01,S4,Split,79,3,15,-0.1595853555081419
79,NotAtaxic,Switch,SwitchLeft01,S4,Washout,80,0,15,1.5941581340751156
80,NotAtaxic,Switch,SwitchLeft01,S4,Washout,81,1,16,1.36401243884157
81,NotAtaxic,Switch,SwitchLeft01,S4,Washout,82,2,17,1.4158306699810623
82,NotAtaxic,Switch,SwitchLeft01,S4,Washout,83,3,18,2.280603273950476
83,NotAtaxic,Switch,SwitchLeft01,S4,Washout,84,4,19,0.13646597814079087
84,NotAtaxic,Switch,SwitchLeft01,S5,Baseline,85,0,12,0.5643131757022957
85,NotAtaxic,Switch,SwitchLeft01,S5,Baseline,86,1,13,0.07845175386675862
86,NotAtaxic,Switch,SwitchLeft01,S5,Baseline,87,2,14,0.25415902185923755
87,NotAtaxic,Switch,SwitchLeft01,S5,Split,88,0,16,-4.24990413164852
88,NotAtaxic,Switch,SwitchLeft01,S5,Intersplit,89,0,36,0.2896626790364252
89,NotAtaxic,Switch,SwitchLeft01,S5,Intersplit,90,1,37,0.6636571402501232
90,NotAtaxic,Switch,SwitchLeft01,S5,Intersplit,91,2,38,0.1983334319760104
91,NotAtaxic,Switch,SwitchLeft01,S5,Split,92,1,17,-2.7613167810921624
92,NotAtaxic,Switch,SwitchLeft01,S5,Intersplit,93,3,39,-0.6934580176767895
93,NotAtaxic,Switch,SwitchLeft01,S5,Intersplit,94,4,40,0.7691970979324196
94,NotAtaxic,Switch,SwitchLeft01,S5,Intersplit,95,5,41,0.21132652205648128
95,NotAtaxic,Switch,SwitchLeft01,S5,Split,96,2,18,-4.061450380267559
96,NotAtaxic,Switch,SwitchLeft01,S5,Intersplit,97,6,42,1.2557443946299145
97,NotAtaxic,Switch,SwitchLeft01,S5,Intersplit,98,7,43,0.14127480863317032
98,NotAtaxic,Switch,SwitchLeft01,S5,Intersplit,99,8,44,1.2590504655933898
99,NotAtaxic,Switch,SwitchLeft01,S5,Split,100,3,19,-0.8943654069996398
100,NotAtaxic,Switch,SwitchLeft01,S5,Washout,101,0,20,0.988738705413482
101,NotAtaxic,Switch,SwitchLeft01,S5,Washout,102,1,21,0.946908045296766
102,NotAtaxic,Switch,SwitchLeft01,S5,Washout,103,2,22,0.2055004389599162
103,NotAtaxic,Switch,SwitchLeft01,S5,Washout,104,3,23,-0.7556953815498559
104,NotAtaxic,Switch,SwitchLeft01,S5,Washout,105,4,24,1.8470301772608906
105,NotAtaxic,Switch,SwitchLeft01,S6,Baseline,106,0,15,-0.3395465889362015
106,NotAtaxic,Switch,SwitchLeft01,S6,Baseline,107,1,16,-0.2978084063289259
107,NotAtaxic,Switch,SwitchLeft01,S6,Baseline,108,2,17,-0.36275073735401975
108,NotAtaxic,Switch,SwitchLeft01,S6,Baseline,109,3,18,-0.10801373106059486
109,NotAtaxic,Switch,SwitchLeft01,S6,Baseline,110,4,19,0.3106936059817258
110,NotAtaxic,Switch,SwitchLeft01,S6,Split,111,0,20,-2.9184360696812064
111,NotAtaxic,Switch,SwitchLeft01,S6,Split,112,1,21,-2.285581646543548
112,NotAtaxic,Switch,SwitchLeft01,S6,Split,113,2,22,-2.5973387438841655
113,NotAtaxic,Switch,SwitchLeft01,S6,Split,114,3,23,-2.0911630958018463
114,NotAtaxic,Switch,SwitchLeft01,S6,Split,115,4,24,-2.05198345762318
115,NotAtaxic,Switch,SwitchLeft01,S6,Split,116,5,25,-1.9203956681068632
116,NotAtaxic,Switch,SwitchLeft01,S6,Split,117,6,26,-0.05944762567078499
117,NotAtaxic,Switch,SwitchLeft01,S6,Split,118,7,27,-0.8020420267124564
118,NotAtaxic,Switch,SwitchLeft01,S6,Split,119,8,28,0.02975463867186079
119,NotAtaxic,Switch,SwitchLeft01,S6,Split,120,9,29,1.1485475482362801
120,NotAtaxic,Switch,SwitchLeft01,S6,Split,121,10,30,1.9064084447995242
121,NotAtaxic,Switch,SwitchLeft01,S6,Split,122,11,31,1.0643390694050083
122,NotAtaxic,Switch,SwitchLeft01,S6,Washout,123,0,25,2.907939872356394
123,NotAtaxic,Switch,SwitchLeft01,S6,Washout,124,1,26,1.4324303829308462
124,NotAtaxic,Switch,SwitchLeft01,S6,Washout,125,2,27,-0.4307602391098442
125,NotAtaxic,Switch,SwitchLeft01,S6,Washout,126,3,28,1.884445036300491
126,NotAtaxic,Switch,SwitchLeft01,S7,Washout,127,-1,29,
127,NotAtaxic,Switch,SwitchLeft01,S7,Washout,128,0,30,
128,NotAtaxic,Switch,SwitchLeft01,S7,Washout,129,1,31,
129,NotAtaxic,Switch,SwitchLeft01,S7,Washout,130,2,32,
130,NotAtaxic,Switch,SwitchLeft01,S7,Washout,131,3,33,
131,NotAtaxic,Switch,SwitchLeft01,S7,Washout,132,4,34,
132,NotAtaxic,Switch,SwitchLeft01,S7,Washout,133,5,35,
133,NotAtaxic,Switch,SwitchLeft01,S7,Washout,134,6,36,
134,NotAtaxic,Switch,SwitchLeft01,S7,Washout,135,7,37,
135,NotAtaxic,Switch,SwitchLeft01,S7,Washout,136,8,38,
136,NotAtaxic,Switch,SwitchLeft01,S7,Washout,137,9,39,
137,NotAtaxic,Switch,SwitchLeft01,S7,Washout,138,10,40,
138,NotAtaxic,Switch,SwitchLeft01,S7,Washout,139,11,41,
139,NotAtaxic,Switch,SwitchLeft01,S7,Washout,140,12,42,
140,NotAtaxic,Switch,SwitchLeft01,S7,Washout,141,13,43,
141,NotAtaxic,Switch,SwitchLeft01,S7,Washout,142,14,44,
142,NotAtaxic,Switch,SwitchLeft01,S7,Washout,143,15,45,
143,NotAtaxic,Switch,SwitchLeft01,S7,Washout,144,16,46,
144,NotAtaxic,Switch,SwitchLeft01,S7,Washout,145,17,47,
145,NotAtaxic,Switch,SwitchLeft01,S7,Washout,146,18,48,
146,NotAtaxic,Switch,SwitchLeft01,S7,Washout,147,19,49,
147,NotAtaxic,Switch,SwitchLeft02,S1,Baseline,1,0,0,1.5975181502524833
148,NotAtaxic,Switch,SwitchLeft02,S1,Baseline,2,1,1,-0.05138666942870884
149,NotAtaxic,Switch,SwitchLeft02,S1,Baseline,3,2,2,0.0
150,NotAtaxic,Switch,SwitchLeft02,S1,Split,4,0,0,-3.45507535067469
151,NotAtaxic,Switch,SwitchLeft02,S1,Intersplit,5,0,0,0.47640559649227043
152,NotAtaxic,Switch,SwitchLeft02,S1,Intersplit,6,1,1,1.3191839661260474
153,NotAtaxic,Switch,SwitchLeft02,S1,Intersplit,7,2,2,0.32980562460537044
154,NotAtaxic,Switch,SwitchLeft02,S1,Split,8,1,1,-3.2122217043482095
155,NotAtaxic,Switch,SwitchLeft02,S1,Intersplit,9,3,3,1.661258273654468
156,NotAtaxic,Switch,SwitchLeft02,S1,Intersplit,10,4,4,0.6929725107520142
157,NotAtaxic,Switch,SwitchLeft02,S1,Intersplit,11,5,5,1.0368963684698258
158,NotAtaxic,Switch,SwitchLeft02,S1,Split,12,2,2,-0.40945187963629337
159,NotAtaxic,Switch,SwitchLeft02,S1,Intersplit,13,6,6,1.3430894023240114
160,NotAtaxic,Switch,SwitchLeft02,S1,Intersplit,14,7,7,0.0598714809224532
161,NotAtaxic,Switch,SwitchLeft02,S1,Intersplit,15,8,8,0.0313190498737157
162,NotAtaxic,Switch,SwitchLeft02,S1,Split,16,3,3,-3.2685636269926306
163,NotAtaxic,Switch,SwitchLeft02,S1,Washout,17,0,0,-0.40391864198628014
164,NotAtaxic,Switch,SwitchLeft02,S1,Washout,18,1,1,0.4943924720840869
165,NotAtaxic,Switch,SwitchLeft02,S1,Washout,19,2,2,0.0197054159761052
166,NotAtaxic,Switch,SwitchLeft02,S1,Washout,20,3,3,-0.7657446042456115
167,NotAtaxic,Switch,SwitchLeft02,S1,Washout,21,4,4,-1.4852658666745668
168,NotAtaxic,Switch,SwitchLeft02,S2,Baseline,22,0,3,1.0512689147332281
169,NotAtaxic,Switch,SwitchLeft02,S2,Baseline,23,1,4,0.3454034978692704
170,NotAtaxic,Switch,SwitchLeft02,S2,Baseline,24,2,5,-0.563997210878334
171,NotAtaxic,Switch,SwitchLeft02,S2,Split,25,0,4,-4.647873387192263
172,NotAtaxic,Switch,SwitchLeft02,S2,Intersplit,26,0,9,-0.32893479472460285
173,NotAtaxic,Switch,SwitchLeft02,S2,Intersplit,27,1,10,-1.5047246759588688
174,NotAtaxic,Switch,SwitchLeft02,S2,Intersplit,28,2,11,-2.0470282044073826
175,NotAtaxic,Switch,SwitchLeft02,S2,Split,29,1,5,-1.9161725285077864
176,NotAtaxic,Switch,SwitchLeft02,S2,Intersplit,30,3,12,-1.9150011467211527
177,NotAtaxic,Switch,SwitchLeft02,S2,Intersplit,31,4,13,-1.0985095091540842
178,NotAtaxic,Switch,SwitchLeft02,S2,Intersplit,32,5,14,-0.46725032305479886
179,NotAtaxic,Switch,SwitchLeft02,S2,Split,33,2,6,-2.577039930555614
180,NotAtaxic,Switch,SwitchLeft02,S2,Intersplit,34,6,15,-0.11451027610091558
181,NotAtaxic,Switch,SwitchLeft02,S2,Intersplit,35,7,16,-0.3287806655421832
182,NotAtaxic,Switch,SwitchLeft02,S2,Intersplit,36,8,17,-1.7812940809461963
183,NotAtaxic,Switch,SwitchLeft02,S2,Split,37,3,7,-3.221592758641137
184,NotAtaxic,Switch,SwitchLeft02,S2,Washout,38,0,5,-0.876351558800927
185,NotAtaxic,Switch,SwitchLeft02,S2,Washout,39,1,6,-1.354510374743569
186,NotAtaxic,Switch,SwitchLeft02,S2,Washout,40,2,7,-1.8477854102549145
187,NotAtaxic,Switch,SwitchLeft02,S2,Washout,41,3,8,-0.5543641369752663
188,NotAtaxic,Switch,SwitchLeft02,S2,Washout,42,4,9,-0.5215654469500066
189,NotAtaxic,Switch,SwitchLeft02,S3,Baseline,43,0,6,2.59901104551372
190,NotAtaxic,Switch,SwitchLeft02,S3,Baseline,44,1,7,2.135575419724546
191,NotAtaxic,Switch,SwitchLeft02,S3,Baseline,45,2,8,0.44308434925804363
192,NotAtaxic,Switch,SwitchLeft02,S3,Split,46,0,8,-2.300139147825945
193,NotAtaxic,Switch,SwitchLeft02,S3,Intersplit,47,0,18,0.9515088013927908
194,NotAtaxic,Switch,SwitchLeft02,S3,Intersplit,48,1,19,0.030910607540164392
195,NotAtaxic,Switch,SwitchLeft02,S3,Intersplit,49,2,20,0.6304885401870024
196,NotAtaxic,Switch,SwitchLeft02,S3,Split,50,1,9,-0.30596954653964303
197,NotAtaxic,Switch,SwitchLeft02,S3,Intersplit,51,3,21,0.8374377934619304
198,NotAtaxic,Switch,SwitchLeft02,S3,Intersplit,52,4,22,1.0950801348445225
199,NotAtaxic,Switch,SwitchLeft02,S3,Intersplit,53,5,23,0.28377494426683825
200,NotAtaxic,Switch,SwitchLeft02,S3,Split,54,2,10,-1.3581863557449907
201,NotAtaxic,Switch,SwitchLeft02,S3,Intersplit,55,6,24,1.7799685699771146
202,NotAtaxic,Switch,SwitchLeft02,S3,Intersplit,56,7,25,1.0673600013809903
203,NotAtaxic,Switch,SwitchLeft02,S3,Intersplit,57,8,26,1.155121157867697
204,NotAtaxic,Switch,SwitchLeft02,S3,Split,58,3,11,-1.2617708456637047
205,NotAtaxic,Switch,SwitchLeft02,S3,Washout,59,0,10,1.1763293333727702
206,NotAtaxic,Switch,SwitchLeft02,S3,Washout,60,1,11,0.2300840435605238
207,NotAtaxic,Switch,SwitchLeft02,S3,Washout,61,2,12,0.5141672461923861
208,NotAtaxic,Switch,SwitchLeft02,S3,Washout,62,3,13,-1.1614019220525904
209,NotAtaxic,Switch,SwitchLeft02,S3,Washout,63,4,14,-0.7653824006668231
210,NotAtaxic,Switch,SwitchLeft02,S4,Baseline,64,0,9,0.30666312786058825
211,NotAtaxic,Switch,SwitchLeft02,S4,Baseline,65,1,10,1.5632783523713272
212,NotAtaxic,Switch,SwitchLeft02,S4,Baseline,66,2,11,0.8548775104560846
213,NotAtaxic,Switch,SwitchLeft02,S4,Split,67,0,12,0.45216107609292067
214,NotAtaxic,Switch,SwitchLeft02,S4,Intersplit,68,0,27,1.0487334896819505
215,NotAtaxic,Switch,SwitchLeft02,S4,Intersplit,69,1,28,0.28829863577176695
216,NotAtaxic,Switch,SwitchLeft02,S4,Intersplit,70,2,29,1.2030245077730157
217,NotAtaxic,Switch,SwitchLeft02,S4,Split,71,1,13,0.6148752540048292
218,NotAtaxic,Switch,SwitchLeft02,S4,Intersplit,72,3,30,0.7295936045019857
219,NotAtaxic,Switch,SwitchLeft02,S4,Intersplit,73,4,31,0.20890669389201832
220,NotAtaxic,Switch,SwitchLeft02,S4,Intersplit,74,5,32,0.7567896987452372
221,NotAtaxic,Switch,SwitchLeft02,S4,Split,75,2,14,0.342097426905724
222,NotAtaxic,Switch,SwitchLeft02,S4,Intersplit,76,6,33,0.1424538968789193
223,NotAtaxic,Switch,SwitchLeft02,S4,Intersplit,77,7,34,-0.7594869594381564
224,NotAtaxic,Switch,SwitchLeft02,S4,Intersplit,78,8,35,-0.8306561094342158
225,NotAtaxic,Switch,SwitchLeft02,S4,Split,79,3,15,0.281632548630796
226,NotAtaxic,Switch,SwitchLeft02,S4,Washout,80,0,15,0.25976932410036113
227,NotAtaxic,Switch,SwitchLeft02,S4,Washout,81,1,16,-0.6641118213384232
228,NotAtaxic,Switch,SwitchLeft02,S4,Washout,82,2,17,-0.41361336756236255
229,NotAtaxic,Switch,SwitchLeft02,S4,Washout,83,3,18,0.5096050223918667
230,NotAtaxic,Switch,SwitchLeft02,S4,Washout,84,4,19,0.5593964547821599
231,NotAtaxic,Switch,SwitchLeft02,S5,Baseline,85,0,12,0.7911682128905682
232,NotAtaxic,Switch,SwitchLeft02,S5,Baseline,86,1,13,1.0355169122868944
233,NotAtaxic,Switch,SwitchLeft02,S5,Baseline,87,2,14,0.3834811123934685
234,NotAtaxic,Switch,SwitchLeft02,S5,Split,88,0,16,0.3645386358703959
235,NotAtaxic,Switch,SwitchLeft02,S5,Intersplit,89,0,36,1.1710504088738674
236,NotAtaxic,Switch,SwitchLeft02,S5,Intersplit,90,1,37,0.6165244362570661
237,NotAtaxic,Switch,SwitchLeft02,S5,Intersplit,91,2,38,-0.15953141029436324
238,NotAtaxic,Switch,SwitchLeft02,S5,Split,92,1,17,-0.0693658385614242
239,NotAtaxic,Switch,SwitchLeft02,S5,Intersplit,93,3,39,1.9535295891039084
240,NotAtaxic,Switch,SwitchLeft02,S5,Intersplit,94,4,40,1.3066378506746759
241,NotAtaxic,Switch,SwitchLeft02,S5,Intersplit,95,5,41,0.9126528344972655
242,NotAtaxic,Switch,SwitchLeft02,S5,Split,96,2,18,1.4849036630957642
243,NotAtaxic,Switch,SwitchLeft02,S5,Intersplit,97,6,42,-0.30524513938215136
244,NotAtaxic,Switch,SwitchLeft02,S5,Intersplit,98,7,43,-0.23765949287802357
245,NotAtaxic,Switch,SwitchLeft02,S5,Intersplit,99,8,44,-0.2715525000986929
246,NotAtaxic,Switch,SwitchLeft02,S5,Split,100,3,19,-0.16108811503713127
247,NotAtaxic,Switch,SwitchLeft02,S5,Washout,101,0,20,0.364746710266715
248,NotAtaxic,Switch,SwitchLeft02,S5,Washout,102,1,21,0.4249726883088556
249,NotAtaxic,Switch,SwitchLeft02,S5,Washout,103,2,22,1.1220373288549297
250,NotAtaxic,Switch,SwitchLeft02,S5,Washout,104,3,23,-0.1988651776554491
251,NotAtaxic,Switch,SwitchLeft02,S5,Washout,105,4,24,0.1307554919310121
252,NotAtaxic,Switch,SwitchLeft02,S6,Baseline,106,0,15,1.291594842467589
253,NotAtaxic,Switch,SwitchLeft02,S6,Baseline,107,1,16,1.6995709351818746
254,NotAtaxic,Switch,SwitchLeft02,S6,Baseline,108,2,17,0.691400393091044
255,NotAtaxic,Switch,SwitchLeft02,S6,Baseline,109,3,18,-0.03128051757816053
256,NotAtaxic,Switch,SwitchLeft02,S6,Baseline,110,4,19,0.262659246271312
257,NotAtaxic,Switch,SwitchLeft02,S6,Split,111,0,20,1.9499422323823694
258,NotAtaxic,Switch,SwitchLeft02,S6,Split,112,1,21,0.8979797363281108
259,NotAtaxic,Switch,SwitchLeft02,S6,Split,113,2,22,2.19550084586092
260,NotAtaxic,Switch,SwitchLeft02,S6,Split,114,3,23,1.3922643179844982
261,NotAtaxic,Switch,SwitchLeft02,S6,Split,115,4,24,1.3393132373539913
262,NotAtaxic,Switch,SwitchLeft02,S6,Split,116,5,25,1.3504105384903369
263,NotAtaxic,Switch,SwitchLeft02,S6,Split,117,6,26,2.2365300342290197
264,NotAtaxic,Switch,SwitchLeft02,S6,Split,118,7,27,1.6521030002170107
265,NotAtaxic,Switch,SwitchLeft02,S6,Split,119,8,28,0.4922038376932676
266,NotAtaxic,Switch,SwitchLeft02,S6,Split,120,9,29,1.5451373475970058
267,NotAtaxic,Switch,SwitchLeft02,S6,Split,121,10,30,1.5614519215593106
268,NotAtaxic,Switch,SwitchLeft02,S6,Split,122,11,31,0.6519895611387199
269,NotAtaxic,Switch,SwitchLeft02,S6,Washout,123,0,25,1.0648322827887569
270,NotAtaxic,Switch,SwitchLeft02,S6,Washout,124,1,26,0.33353555082069875
271,NotAtaxic,Switch,SwitchLeft02,S6,Washout,125,2,27,1.1774429167159468
272,NotAtaxic,Switch,SwitchLeft02,S6,Washout,126,3,28,-0.6489146839489024
273,NotAtaxic,Switch,SwitchLeft02,S7,Washout,127,-1,29,
274,NotAtaxic,Switch,SwitchLeft02,S7,Washout,128,0,30,
275,NotAtaxic,Switch,SwitchLeft02,S7,Washout,129,1,31,
276,NotAtaxic,Switch,SwitchLeft02,S7,Washout,130,2,32,
277,NotAtaxic,Switch,SwitchLeft02,S7,Washout,131,3,33,
278,NotAtaxic,Switch,SwitchLeft02,S7,Washout,132,4,34,
279,NotAtaxic,Switch,SwitchLeft02,S7,Washout,133,5,35,
280,NotAtaxic,Switch,SwitchLeft02,S7,Washout,134,6,36,
281,NotAtaxic,Switch,SwitchLeft02,S7,Washout,135,7,37,
282,NotAtaxic,Switch,SwitchLeft02,S7,Washout,136,8,38,
283,NotAtaxic,Switch,SwitchLeft02,S7,Washout,137,9,39,
284,NotAtaxic,Switch,SwitchLeft02,S7,Washout,138,10,40,
285,NotAtaxic,Switch,SwitchLeft02,S7,Washout,139,11,41,
286,NotAtaxic,Switch,SwitchLeft02,S7,Washout,140,12,42,
287,NotAtaxic,Switch,SwitchLeft02,S7,Washout,141,13,43,
288,NotAtaxic,Switch,SwitchLeft02,S7,Washout,142,14,44,
289,NotAtaxic,Switch,SwitchLeft02,S7,Washout,143,15,45,
290,NotAtaxic,Switch,SwitchLeft02,S7,Washout,144,16,46,
291,NotAtaxic,Switch,SwitchLeft02,S7,Washout,145,17,47,
292,NotAtaxic,Switch,SwitchLeft02,S7,Washout,146,18,48,
293,NotAtaxic,Switch,SwitchLeft02,S7,Washout,147,19,49,
294,NotAtaxic,Switch,SwitchLeft03,S1,Baseline,1,0,0,0.1091311676333504
295,NotAtaxic,Switch,SwitchLeft03,S1,Baseline,2,1,1,0.0
296,NotAtaxic,Switch,SwitchLeft03,S1,Baseline,3,2,2,-0.6543014988754834
297,NotAtaxic,Switch,SwitchLeft03,S1,Split,4,0,0,-8.055939337219868
298,NotAtaxic,Switch,SwitchLeft03,S1,Intersplit,5,0,0,0.1137165108112157
299,NotAtaxic,Switch,SwitchLeft03,S1,Intersplit,6,1,1,-0.7808569705848214
300,NotAtaxic,Switch,SwitchLeft03,S1,Intersplit,7,2,2,0.4181755913628393
301,NotAtaxic,Switch,SwitchLeft03,S1,Split,8,1,1,-7.138192533242616
302,NotAtaxic,Switch,SwitchLeft03,S1,Intersplit,9,3,3,1.5315739795415055
303,NotAtaxic,Switch,SwitchLeft03,S1,Intersplit,10,4,4,1.183827718098982
304,NotAtaxic,Switch,SwitchLeft03,S1,Intersplit,11,5,5,0.8694658375749356
305,NotAtaxic,Switch,SwitchLeft03,S1,Split,12,2,2,-5.340121490786785
306,NotAtaxic,Switch,SwitchLeft03,S1,Intersplit,13,6,6,-0.35026627357562745
307,NotAtaxic,Switch,SwitchLeft03,S1,Intersplit,14,7,7,1.7624672013099598
308,NotAtaxic,Switch,SwitchLeft03,S1,Intersplit,15,8,8,0.517334600891715
309,NotAtaxic,Switch,SwitchLeft03,S1,Split,16,3,3,-4.212604869495706
310,NotAtaxic,Switch,SwitchLeft03,S1,Washout,17,0,0,0.6616688737965575
311,NotAtaxic,Switch,SwitchLeft03,S1,Washout,18,1,1,0.575449009134303
312,NotAtaxic,Switch,SwitchLeft03,S1,Washout,19,2,2,2.3589394309303913
313,NotAtaxic,Switch,SwitchLeft03,S1,Washout,20,3,3,0.43961496064157757
314,NotAtaxic,Switch,SwitchLeft03,S1,Washout,21,4,4,0.1996358235677036
315,NotAtaxic,Switch,SwitchLeft03,S2,Baseline,22,0,3,1.3609375616516814
316,NotAtaxic,Switch,SwitchLeft03,S2,Baseline,23,1,4,0.4760896316682448
317,NotAtaxic,Switch,SwitchLeft03,S2,Baseline,24,2,5,1.081277866556178
318,NotAtaxic,Switch,SwitchLeft03,S2,Split,25,0,4,-2.663541080975776
319,NotAtaxic,Switch,SwitchLeft03,S2,Intersplit,26,0,9,1.5421087091619228
320,NotAtaxic,Switch,SwitchLeft03,S2,Intersplit,27,1,10,0.3350190442017791
321,NotAtaxic,Switch,SwitchLeft03,S2,Intersplit,28,2,11,1.3505122637507583
322,NotAtaxic,Switch,SwitchLeft03,S2,Split,29,1,5,-2.8163794315222646
323,NotAtaxic,Switch,SwitchLeft03,S2,Intersplit,30,3,12,2.3425246729995166
324,NotAtaxic,Switch,SwitchLeft03,S2,Intersplit,31,4,13,0.6455161354758445
325,NotAtaxic,Switch,SwitchLeft03,S2,Intersplit,32,5,14,1.6465081108940893
326,NotAtaxic,Switch,SwitchLeft03,S2,Split,33,2,6,-3.038618299696182
327,NotAtaxic,Switch,SwitchLeft03,S2,Intersplit,34,6,15,1.068361841066931
328,NotAtaxic,Switch,SwitchLeft03,S2,Intersplit,35,7,16,0.7939579510929633
329,NotAtaxic,Switch,SwitchLeft03,S2,Intersplit,36,8,17,0.508788137724892
330,NotAtaxic,Switch,SwitchLeft03,S2,Split,37,3,7,-0.4841351749921188
331,NotAtaxic,Switch,SwitchLeft03,S2,Washout,38,0,5,1.00284152560765
332,NotAtaxic,Switch,SwitchLeft03,S2,Washout,39,1,6,0.769728843611901
333,NotAtaxic,Switch,SwitchLeft03,S2,Washout,40,2,7,0.9667984162918088
334,NotAtaxic,Switch,SwitchLeft03,S2,Washout,41,3,8,1.643541124131957
335,NotAtaxic,Switch,SwitchLeft03,S2,Washout,42,4,9,1.3356141369752095
336,NotAtaxic,Switch,SwitchLeft03,S3,Baseline,43,0,6,2.3042800851944207
337,NotAtaxic,Switch,SwitchLeft03,S3,Baseline,44,1,7,1.1728306009311638
338,NotAtaxic,Switch,SwitchLeft03,S3,Baseline,45,2,8,2.94962410974982
339,NotAtaxic,Switch,SwitchLeft03,S3,Split,46,0,8,-0.24780119308319115
340,NotAtaxic,Switch,SwitchLeft03,S3,Intersplit,47,0,18,2.164073905559505
341,NotAtaxic,Switch,SwitchLeft03,S3,Intersplit,48,1,19,1.4141082763671449
342,NotAtaxic,Switch,SwitchLeft03,S3,Intersplit,49,2,20,3.5954870358862223
343,NotAtaxic,Switch,SwitchLeft03,S3,Split,50,1,9,-0.5594349870778359
344,NotAtaxic,Switch,SwitchLeft03,S3,Intersplit,51,3,21,2.0940838438091873
345,NotAtaxic,Switch,SwitchLeft03,S3,Intersplit,52,4,22,0.8343706227312424
346,NotAtaxic,Switch,SwitchLeft03,S3,Intersplit,53,5,23,2.43913284455887
347,NotAtaxic,Switch,SwitchLeft03,S3,Split,54,2,10,0.1973106747581852
348,NotAtaxic,Switch,SwitchLeft03,S3,Intersplit,55,6,24,3.2206063318734124
349,NotAtaxic,Switch,SwitchLeft03,S3,Intersplit,56,7,25,2.689700656467025
350,NotAtaxic,Switch,SwitchLeft03,S3,Intersplit,57,8,26,1.4990488688150947
351,NotAtaxic,Switch,SwitchLeft03,S3,Split,58,3,11,-0.4648304948903359
352,NotAtaxic,Switch,SwitchLeft03,S3,Washout,59,0,10,2.476647887567097
353,NotAtaxic,Switch,SwitchLeft03,S3,Washout,60,1,11,2.025203512172496
354,NotAtaxic,Switch,SwitchLeft03,S3,Washout,61,2,12,3.724215729068007
355,NotAtaxic,Switch,SwitchLeft03,S3,Washout,62,3,13,2.6828162196509453
356,NotAtaxic,Switch,SwitchLeft03,S3,Washout,63,4,14,2.5688171386718324
357,NotAtaxic,Switch,SwitchLeft03,S4,Baseline,64,0,9,1.299016162602598
358,NotAtaxic,Switch,SwitchLeft03,S4,Baseline,65,1,10,1.3925186311355873
359,NotAtaxic,Switch,SwitchLeft03,S4,Baseline,66,2,11,1.9661103836213698
360,NotAtaxic,Switch,SwitchLeft03,S4,Split,67,0,12,2.6427220816564017
361,NotAtaxic,Switch,SwitchLeft03,S4,Intersplit,68,0,27,2.97033570905252
362,NotAtaxic,Switch,SwitchLeft03,S4,Intersplit,69,1,28,3.231865468651364
363,NotAtaxic,Switch,SwitchLeft03,S4,Intersplit,70,2,29,3.971754902541008
364,NotAtaxic,Switch,SwitchLeft03,S4,Split,71,1,13,-0.4406784520005118
365,NotAtaxic,Switch,SwitchLeft03,S4,Intersplit,72,3,30,1.8697873510495526
366,NotAtaxic,Switch,SwitchLeft03,S4,Intersplit,73,4,31,0.2665510081281752
367,NotAtaxic,Switch,SwitchLeft03,S4,Intersplit,74,5,32,1.2707103382457348
368,NotAtaxic,Switch,SwitchLeft03,S4,Split,75,2,14,-1.230420969953471
369,NotAtaxic,Switch,SwitchLeft03,S4,Intersplit,76,6,33,4.146776295671529
370,NotAtaxic,Switch,SwitchLeft03,S4,Intersplit,77,7,34,2.109727955827836
371,NotAtaxic,Switch,SwitchLeft03,S4,Intersplit,78,8,35,2.658474084102764
372,NotAtaxic,Switch,SwitchLeft03,S4,Split,79,3,15,0.5730086304122182
373,NotAtaxic,Switch,SwitchLeft03,S4,Washout,80,0,15,2.4868820652817334
374,NotAtaxic,Switch,SwitchLeft03,S4,Washout,81,1,16,2.1705935699771146
375,NotAtaxic,Switch,SwitchLeft03,S4,Washout,82,2,17,2.124231511896326
376,NotAtaxic,Switch,SwitchLeft03,S4,Washout,83,3,18,3.8862132062815675
377,NotAtaxic,Switch,SwitchLeft03,S4,Washout,84,4,19,1.9036803582702078
378,NotAtaxic,Switch,SwitchLeft03,S5,Baseline,85,0,12,0.2720919522372043
379,NotAtaxic,Switch,SwitchLeft03,S5,Baseline,86,1,13,1.3599511348839997
380,NotAtaxic,Switch,SwitchLeft03,S5,Baseline,87,2,14,1.4383104112413179
381,NotAtaxic,Switch,SwitchLeft03,S5,Split,88,0,16,-0.5097206192787382
382,NotAtaxic,Switch,SwitchLeft03,S5,Intersplit,89,0,36,2.9480905243844546
383,NotAtaxic,Switch,SwitchLeft03,S5,Intersplit,90,1,37,1.8846222848602991
384,NotAtaxic,Switch,SwitchLeft03,S5,Intersplit,91,2,38,0.6084480670967736
385,NotAtaxic,Switch,SwitchLeft03,S5,Split,92,1,17,-0.2792358398437642
386,NotAtaxic,Switch,SwitchLeft03,S5,Intersplit,93,3,39,3.4958810517281904
387,NotAtaxic,Switch,SwitchLeft03,S5,Intersplit,94,4,40,1.4261380590573651
388,NotAtaxic,Switch,SwitchLeft03,S5,Intersplit,95,5,41,0.7233359596946087
389,NotAtaxic,Switch,SwitchLeft03,S5,Split,96,2,18,0.9006461711844764
390,NotAtaxic,Switch,SwitchLeft03,S5,Intersplit,97,6,42,2.527001891473347
391,NotAtaxic,Switch,SwitchLeft03,S5,Intersplit,98,7,43,1.267242431640625
392,NotAtaxic,Switch,SwitchLeft03,S5,Intersplit,99,8,44,-0.015728883068973687
393,NotAtaxic,Switch,SwitchLeft03,S5,Split,100,3,19,0.3377201581241849
394,NotAtaxic,Switch,SwitchLeft03,S5,Washout,101,0,20,2.732332788332556
395,NotAtaxic,Switch,SwitchLeft03,S5,Washout,102,1,21,-1.1869334211253033
396,NotAtaxic,Switch,SwitchLeft03,S5,Washout,103,2,22,1.7898152931618228
397,NotAtaxic,Switch,SwitchLeft03,S5,Washout,104,3,23,0.14043134996923357
398,NotAtaxic,Switch,SwitchLeft03,S5,Washout,105,4,24,1.30320076990607
399,NotAtaxic,Switch,SwitchLeft03,S6,Baseline,106,0,15,0.6728278266058823
400,NotAtaxic,Switch,SwitchLeft03,S6,Baseline,107,1,16,0.956155796243678
401,NotAtaxic,Switch,SwitchLeft03,S6,Baseline,108,2,17,0.5937287301728276
402,NotAtaxic,Switch,SwitchLeft03,S6,Baseline,109,3,18,1.7384384617661084
403,NotAtaxic,Switch,SwitchLeft03,S6,Baseline,110,4,19,2.1326623781762493
404,NotAtaxic,Switch,SwitchLeft03,S6,Split,111,0,20,-0.6444218182804633
405,NotAtaxic,Switch,SwitchLeft03,S6,Split,112,1,21,-1.6360412338620307
406,NotAtaxic,Switch,SwitchLeft03,S6,Split,113,2,22,1.3869823109019848
407,NotAtaxic,Switch,SwitchLeft03,S6,Split,114,3,23,0.4695314641461579
408,NotAtaxic,Switch,SwitchLeft03,S6,Split,115,4,24,-0.35435840336964475
409,NotAtaxic,Switch,SwitchLeft03,S6,Split,116,5,25,1.6340390600339276
410,NotAtaxic,Switch,SwitchLeft03,S6,Split,117,6,26,1.3772983743686638
411,NotAtaxic,Switch,SwitchLeft03,S6,Split,118,7,27,2.6283418289338414
412,NotAtaxic,Switch,SwitchLeft03,S6,Split,119,8,28,1.906947896938135
413,NotAtaxic,Switch,SwitchLeft03,S6,Split,120,9,29,-0.2225548329979432
414,NotAtaxic,Switch,SwitchLeft03,S6,Split,121,10,30,-0.6088488029711101
415,NotAtaxic,Switch,SwitchLeft03,S6,Split,122,11,31,-0.4785634050465575
416,NotAtaxic,Switch,SwitchLeft03,S6,Washout,123,0,25,3.4390150898634744
417,NotAtaxic,Switch,SwitchLeft03,S6,Washout,124,1,26,1.2112472996567334
418,NotAtaxic,Switch,SwitchLeft03,S6,Washout,125,2,27,3.3592994767006275
419,NotAtaxic,Switch,SwitchLeft03,S6,Washout,126,3,28,2.8779810125177363
420,NotAtaxic,Switch,SwitchLeft03,S7,Washout,127,-1,29,1.635562214434458
421,NotAtaxic,Switch,SwitchLeft03,S7,Washout,128,0,30,2.8831481933594176
422,NotAtaxic,Switch,SwitchLeft03,S7,Washout,129,1,31,3.3608407685250796
423,NotAtaxic,Switch,SwitchLeft03,S7,Washout,130,2,32,2.0673732564906686
424,NotAtaxic,Switch,SwitchLeft03,S7,Washout,131,3,33,2.3266724865845845
425,NotAtaxic,Switch,SwitchLeft03,S7,Washout,132,4,34,2.9023989282473934
426,NotAtaxic,Switch,SwitchLeft03,S7,Washout,133,5,35,3.043257588087883
427,NotAtaxic,Switch,SwitchLeft03,S7,Washout,134,6,36,2.37886833422111
428,NotAtaxic,Switch,SwitchLeft03,S7,Washout,135,7,37,2.460572213837551
429,NotAtaxic,Switch,SwitchLeft03,S7,Washout,136,8,38,2.822991573449343
430,NotAtaxic,Switch,SwitchLeft03,S7,Washout,137,9,39,2.503843981810263
431,NotAtaxic,Switch,SwitchLeft03,S7,Washout,138,10,40,1.8485714690853996
432,NotAtaxic,Switch,SwitchLeft03,S7,Washout,139,11,41,3.5665261625039335
433,NotAtaxic,Switch,SwitchLeft03,S7,Washout,140,12,42,2.9242236204821808
434,NotAtaxic,Switch,SwitchLeft03,S7,Washout,141,13,43,3.9662910230231745
435,NotAtaxic,Switch,SwitchLeft03,S7,Washout,142,14,44,2.016048238734996
436,NotAtaxic,Switch,SwitchLeft03,S7,Washout,143,15,45,0.367669384888913
437,NotAtaxic,Switch,SwitchLeft03,S7,Washout,144,16,46,-0.3298903956557666
438,NotAtaxic,Switch,SwitchLeft03,S7,Washout,145,17,47,1.592177574080651
439,NotAtaxic,Switch,SwitchLeft03,S7,Washout,146,18,48,2.1834479437934107
440,NotAtaxic,Switch,SwitchLeft03,S7,Washout,147,19,49,4.066875727489716
441,NotAtaxic,Switch,SwitchLeft04,S1,Baseline,1,0,0,0.2908802995778217
442,NotAtaxic,Switch,SwitchLeft04,S1,Baseline,2,1,1,0.0
443,NotAtaxic,Switch,SwitchLeft04,S1,Baseline,3,2,2,-1.7064104176530464
444,NotAtaxic,Switch,SwitchLeft04,S1,Split,4,0,0,-3.4506865222044567
445,NotAtaxic,Switch,SwitchLeft04,S1,Intersplit,5,0,0,0.20687218868368973
446,NotAtaxic,Switch,SwitchLeft04,S1,Intersplit,6,1,1,0.0948202730429415
447,NotAtaxic,Switch,SwitchLeft04,S1,Intersplit,7,2,2,-0.38954475546908895
448,NotAtaxic,Switch,SwitchLeft04,S1,Split,8,1,1,-1.1978765930791724
449,NotAtaxic,Switch,SwitchLeft04,S1,Intersplit,9,3,3,1.3430470167988418
450,NotAtaxic,Switch,SwitchLeft04,S1,Intersplit,10,4,4,-0.324727068043714
451,NotAtaxic,Switch,SwitchLeft04,S1,Intersplit,11,5,5,1.7744584517045752
452,NotAtaxic,Switch,SwitchLeft04,S1,Split,12,2,2,-3.4238102460147672
453,NotAtaxic,Switch,SwitchLeft04,S1,Intersplit,13,6,6,0.12776538579151975
454,NotAtaxic,Switch,SwitchLeft04,S1,Intersplit,14,7,7,1.1472143308081115
455,NotAtaxic,Switch,SwitchLeft04,S1,Intersplit,15,8,8,1.883628151633559
456,NotAtaxic,Switch,SwitchLeft04,S1,Split,16,3,3,-4.144811148595295
457,NotAtaxic,Switch,SwitchLeft04,S1,Washout,17,0,0,0.7412765965317192
458,NotAtaxic,Switch,SwitchLeft04,S1,Washout,18,1,1,-0.3880972814078234
459,NotAtaxic,Switch,SwitchLeft04,S1,Washout,19,2,2,1.9938613429213916
460,NotAtaxic,Switch,SwitchLeft04,S1,Washout,20,3,3,0.3710968325836461
461,NotAtaxic,Switch,SwitchLeft04,S1,Washout,21,4,4,0.5636658331360991
462,NotAtaxic,Switch,SwitchLeft04,S2,Baseline,22,0,3,2.771874630089968
463,NotAtaxic,Switch,SwitchLeft04,S2,Baseline,23,1,4,-0.9907115589488455
464,NotAtaxic,Switch,SwitchLeft04,S2,Baseline,24,2,5,0.4556546708951714
465,NotAtaxic,Switch,SwitchLeft04,S2,Split,25,0,4,-3.955941248421709
466,NotAtaxic,Switch,SwitchLeft04,S2,Intersplit,26,0,9,1.6499991368766018
467,NotAtaxic,Switch,SwitchLeft04,S2,Intersplit,27,1,10,-1.3413092102667576
468,NotAtaxic,Switch,SwitchLeft04,S2,Intersplit,28,2,11,1.570645727292458
469,NotAtaxic,Switch,SwitchLeft04,S2,Split,29,1,5,-5.697023025666823
470,NotAtaxic,Switch,SwitchLeft04,S2,Intersplit,30,3,12,1.4945829757536444
471,NotAtaxic,Switch,SwitchLeft04,S2,Intersplit,31,4,13,1.1927286783854356
472,NotAtaxic,Switch,SwitchLeft04,S2,Intersplit,32,5,14,0.09318650370897785
473,NotAtaxic,Switch,SwitchLeft04,S2,Split,33,2,6,-4.333989307133834
474,NotAtaxic,Switch,SwitchLeft04,S2,Intersplit,34,6,15,1.5761019003511905
475,NotAtaxic,Switch,SwitchLeft04,S2,Intersplit,35,7,16,1.636882743450144
476,NotAtaxic,Switch,SwitchLeft04,S2,Intersplit,36,8,17,1.8502591836332272
477,NotAtaxic,Switch,SwitchLeft04,S2,Split,37,3,7,-1.1031642104640298
478,NotAtaxic,Switch,SwitchLeft04,S2,Washout,38,0,5,1.0211520724826357
479,NotAtaxic,Switch,SwitchLeft04,S2,Washout,39,1,6,1.2217357905224446
480,NotAtaxic,Switch,SwitchLeft04,S2,Washout,40,2,7,2.3304178257181434
481,NotAtaxic,Switch,SwitchLeft04,S2,Washout,41,3,8,1.4901902940538037
482,NotAtaxic,Switch,SwitchLeft04,S2,Washout,42,4,9,2.493054939038842
483,NotAtaxic,Switch,SwitchLeft04,S3,Baseline,43,0,6,2.575187547109145
484,NotAtaxic,Switch,SwitchLeft04,S3,Baseline,44,1,7,0.7070213857323324
485,NotAtaxic,Switch,SwitchLeft04,S3,Baseline,45,2,8,1.865124943280506
486,NotAtaxic,Switch,SwitchLeft04,S3,Split,46,0,8,-2.3889483827532985
487,NotAtaxic,Switch,SwitchLeft04,S3,Intersplit,47,0,18,1.4429419931739176
488,NotAtaxic,Switch,SwitchLeft04,S3,Intersplit,48,1,19,0.7477191963581333
489,NotAtaxic,Switch,SwitchLeft04,S3,Intersplit,49,2,20,-0.06806344696968836
490,NotAtaxic,Switch,SwitchLeft04,S3,Split,50,1,9,-1.8697873510495526
491,NotAtaxic,Switch,SwitchLeft04,S3,Intersplit,51,3,21,2.9382416696260094
492,NotAtaxic,Switch,SwitchLeft04,S3,Intersplit,52,4,22,1.882795854048311
493,NotAtaxic,Switch,SwitchLeft04,S3,Intersplit,53,5,23,1.6342471344302112
494,NotAtaxic,Switch,SwitchLeft04,S3,Split,54,2,10,-2.6131678109216807
495,NotAtaxic,Switch,SwitchLeft04,S3,Intersplit,55,6,24,1.3722275242661226
496,NotAtaxic,Switch,SwitchLeft04,S3,Intersplit,56,7,25,0.3451598881337503
497,NotAtaxic,Switch,SwitchLeft04,S3,Intersplit,57,8,26,2.4489431670218096
498,NotAtaxic,Switch,SwitchLeft04,S3,Split,58,3,11,-0.41826036241317865
499,NotAtaxic,Switch,SwitchLeft04,S3,Washout,59,0,10,1.8921977341776994
500,NotAtaxic,Switch,SwitchLeft04,S3,Washout,60,1,11,0.8995672669074111
501,NotAtaxic,Switch,SwitchLeft04,S3,Washout,61,2,12,1.1827102815261838
502,NotAtaxic,Switch,SwitchLeft04,S3,Washout,62,3,13,0.5479292436079675
503,NotAtaxic,Switch,SwitchLeft04,S3,Washout,63,4,14,0.35919805969854224
504,NotAtaxic,Switch,SwitchLeft04,S4,Baseline,64,0,9,0.4861850931187064
505,NotAtaxic,Switch,SwitchLeft04,S4,Baseline,65,1,10,-2.1300190626972153
506,NotAtaxic,Switch,SwitchLeft04,S4,Baseline,66,2,11,-0.5675498885337618
507,NotAtaxic,Switch,SwitchLeft04,S4,Split,67,0,12,-3.8514801950165207
508,NotAtaxic,Switch,SwitchLeft04,S4,Intersplit,68,0,27,-1.0013447599913974
509,NotAtaxic,Switch,SwitchLeft04,S4,Intersplit,69,1,28,-0.2675682607323182
510,NotAtaxic,Switch,SwitchLeft04,S4,Intersplit,70,2,29,1.1601149433790852
511,NotAtaxic,Switch,SwitchLeft04,S4,Split,71,1,13,-3.7284542815853854
512,NotAtaxic,Switch,SwitchLeft04,S4,Intersplit,72,3,30,-0.015813654119298803
513,NotAtaxic,Switch,SwitchLeft04,S4,Intersplit,73,4,31,-1.1366873076467243
514,NotAtaxic,Switch,SwitchLeft04,S4,Intersplit,74,5,32,-1.1754970357875436
515,NotAtaxic,Switch,SwitchLeft04,S4,Split,75,2,14,-1.3231219667376877
516,NotAtaxic,Switch,SwitchLeft04,S4,Intersplit,76,6,33,0.2499821210148241
517,NotAtaxic,Switch,SwitchLeft04,S4,Intersplit,77,7,34,-0.07560036399146952
518,NotAtaxic,Switch,SwitchLeft04,S4,Intersplit,78,8,35,0.5759961677320575
519,NotAtaxic,Switch,SwitchLeft04,S4,Split,79,3,15,-1.002047760318007
520,NotAtaxic,Switch,SwitchLeft04,S4,Washout,80,0,15,1.4833854906486863
521,NotAtaxic,Switch,SwitchLeft04,S4,Washout,81,1,16,0.280777131668259
522,NotAtaxic,Switch,SwitchLeft04,S4,Washout,82,2,17,-0.3449179909445661
523,NotAtaxic,Switch,SwitchLeft04,S4,Washout,83,3,18,0.49392237807767003
524,NotAtaxic,Switch,SwitchLeft04,S4,Washout,84,4,19,-0.9908965139678116
525,NotAtaxic,Switch,SwitchLeft04,S5,Baseline,85,0,12,0.33757373540089475
526,NotAtaxic,Switch,SwitchLeft04,S5,Baseline,86,1,13,0.7517959132338916
527,NotAtaxic,Switch,SwitchLeft04,S5,Baseline,87,2,14,0.3045477048315064
528,NotAtaxic,Switch,SwitchLeft04,S5,Split,88,0,16,-1.9813768791429425
529,NotAtaxic,Switch,SwitchLeft04,S5,Intersplit,89,0,36,0.6361065488873123
530,NotAtaxic,Switch,SwitchLeft04,S5,Intersplit,90,1,37,1.0023020734690817
531,NotAtaxic,Switch,SwitchLeft04,S5,Intersplit,91,2,38,-1.2083573774857683
532,NotAtaxic,Switch,SwitchLeft04,S5,Split,92,1,17,-1.9699404938051828
533,NotAtaxic,Switch,SwitchLeft04,S5,Intersplit,93,3,39,0.6264580620660354
534,NotAtaxic,Switch,SwitchLeft04,S5,Intersplit,94,4,40,0.7288691973445367
535,NotAtaxic,Switch,SwitchLeft04,S5,Intersplit,95,5,41,0.48379609079073305
536,NotAtaxic,Switch,SwitchLeft04,S5,Split,96,2,18,-3.9316813151041856
537,NotAtaxic,Switch,SwitchLeft04,S5,Intersplit,97,6,42,1.6479183929135104
538,NotAtaxic,Switch,SwitchLeft04,S5,Intersplit,98,7,43,0.2951997699159854
539,NotAtaxic,Switch,SwitchLeft04,S5,Intersplit,99,8,44,0.6500783592763639
540,NotAtaxic,Switch,SwitchLeft04,S5,Split,100,3,19,-2.734906745679467
541,NotAtaxic,Switch,SwitchLeft04,S5,Washout,101,0,20,0.5948769925820727
542,NotAtaxic,Switch,SwitchLeft04,S5,Washout,102,1,21,0.7954452977036084
543,NotAtaxic,Switch,SwitchLeft04,S5,Washout,103,2,22,0.8915756687973442
544,NotAtaxic,Switch,SwitchLeft04,S5,Washout,104,3,23,3.5389755711411226
545,NotAtaxic,Switch,SwitchLeft04,S5,Washout,105,4,24,1.6334456626815097
546,NotAtaxic,Switch,SwitchLeft04,S6,Baseline,106,0,15,0.7718018811158629
547,NotAtaxic,Switch,SwitchLeft04,S6,Baseline,107,1,16,-0.017925223918894062
548,NotAtaxic,Switch,SwitchLeft04,S6,Baseline,108,2,17,0.32487349076703254
549,NotAtaxic,Switch,SwitchLeft04,S6,Baseline,109,3,18,0.45051189384072643
550,NotAtaxic,Switch,SwitchLeft04,S6,Baseline,110,4,19,-0.7564043757891739
551,NotAtaxic,Switch,SwitchLeft04,S6,Split,111,0,20,-2.8967886260061704
552,NotAtaxic,Switch,SwitchLeft04,S6,Split,112,1,21,-3.0143429534603854
553,NotAtaxic,Switch,SwitchLeft04,S6,Split,113,2,22,-2.509862726384924
554,NotAtaxic,Switch,SwitchLeft04,S6,Split,114,3,23,-0.6922789294310405
555,NotAtaxic,Switch,SwitchLeft04,S6,Split,115,4,24,-3.6025643847969206
556,NotAtaxic,Switch,SwitchLeft04,S6,Split,116,5,25,-4.150515113955052
557,NotAtaxic,Switch,SwitchLeft04,S6,Split,117,6,26,-0.3665269023240114
558,NotAtaxic,Switch,SwitchLeft04,S6,Split,118,7,27,-0.010126287286880142
559,NotAtaxic,Switch,SwitchLeft04,S6,Split,119,8,28,-2.1569916696259384
560,NotAtaxic,Switch,SwitchLeft04,S6,Split,120,9,29,-0.9347549592605731
561,NotAtaxic,Switch,SwitchLeft04,S6,Split,121,10,30,-0.4880962949810055
562,NotAtaxic,Switch,SwitchLeft04,S6,Split,122,11,31,-2.2704923995817126
563,NotAtaxic,Switch,SwitchLeft04,S6,Washout,123,0,25,2.855435766354958
564,NotAtaxic,Switch,SwitchLeft04,S6,Washout,124,1,26,2.856152467053363
565,NotAtaxic,Switch,SwitchLeft04,S6,Washout,125,2,27,1.2902924508759668
566,NotAtaxic,Switch,SwitchLeft04,S6,Washout,126,3,28,1.68164185803343
567,NotAtaxic,Switch,SwitchLeft04,S7,Washout,127,-1,29,0.4686451921559467
568,NotAtaxic,Switch,SwitchLeft04,S7,Washout,128,0,30,0.6219112511837182
569,NotAtaxic,Switch,SwitchLeft04,S7,Washout,129,1,31,0.8325123385548494
570,NotAtaxic,Switch,SwitchLeft04,S7,Washout,130,2,32,0.7716323390151558
571,NotAtaxic,Switch,SwitchLeft04,S7,Washout,131,3,33,1.821991891571983
572,NotAtaxic,Switch,SwitchLeft04,S7,Washout,132,4,34,0.41597925051291895
573,NotAtaxic,Switch,SwitchLeft04,S7,Washout,133,5,35,1.62036009509157
574,NotAtaxic,Switch,SwitchLeft04,S7,Washout,134,6,36,0.9076821683632943
575,NotAtaxic,Switch,SwitchLeft04,S7,Washout,135,7,37,0.9741272589172922
576,NotAtaxic,Switch,SwitchLeft04,S7,Washout,136,8,38,1.1482469963304993
577,NotAtaxic,Switch,SwitchLeft04,S7,Washout,137,9,39,1.2377960513336461
578,NotAtaxic,Switch,SwitchLeft04,S7,Washout,138,10,40,1.6960683495107105
579,NotAtaxic,Switch,SwitchLeft04,S7,Washout,139,11,41,1.0821101641413975
580,NotAtaxic,Switch,SwitchLeft04,S7,Washout,140,12,42,0.9130458639126289
581,NotAtaxic,Switch,SwitchLeft04,S7,Washout,141,13,43,2.650097163036662
582,NotAtaxic,Switch,SwitchLeft04,S7,Washout,142,14,44,0.4419191919192542
583,NotAtaxic,Switch,SwitchLeft04,S7,Washout,143,15,45,0.840620561079561
584,NotAtaxic,Switch,SwitchLeft04,S7,Washout,144,16,46,1.7070068975891814
585,NotAtaxic,Switch,SwitchLeft04,S7,Washout,145,17,47,2.041756986367602
586,NotAtaxic,Switch,SwitchLeft04,S7,Washout,146,18,48,0.9687789762863304
587,NotAtaxic,Switch,SwitchLeft04,S7,Washout,147,19,49,2.197288744377346
588,NotAtaxic,Switch,SwitchRight03,S1,Baseline,1,0,0,0.2118968000315391
589,NotAtaxic,Switch,SwitchRight03,S1,Baseline,2,1,1,-0.4421824959392353
590,NotAtaxic,Switch,SwitchRight03,S1,Baseline,3,2,2,0.0
591,NotAtaxic,Switch,SwitchRight03,S1,Split,4,0,0,-5.602441652856697
592,NotAtaxic,Switch,SwitchRight03,S1,Intersplit,5,0,0,0.11400935625792386
593,NotAtaxic,Switch,SwitchRight03,S1,Intersplit,6,1,1,-0.2408114346590935
594,NotAtaxic,Switch,SwitchRight03,S1,Intersplit,7,2,2,-0.23392186020359418
595,NotAtaxic,Switch,SwitchRight03,S1,Split,8,1,1,-5.2694301412563505
596,NotAtaxic,Switch,SwitchRight03,S1,Intersplit,9,3,3,1.4065675061158487
597,NotAtaxic,Switch,SwitchRight03,S1,Intersplit,10,4,4,-2.374390881470987
598,NotAtaxic,Switch,SwitchRight03,S1,Intersplit,11,5,5,-0.2726545237531468
599,NotAtaxic,Switch,SwitchRight03,S1,Split,12,2,2,-5.98532166143859
600,NotAtaxic,Switch,SwitchRight03,S1,Intersplit,13,6,6,1.3968496611624346
601,NotAtaxic,Switch,SwitchRight03,S1,Intersplit,14,7,7,-0.6949921345220815
602,NotAtaxic,Switch,SwitchRight03,S1,Intersplit,15,8,8,0.43574631816208864
603,NotAtaxic,Switch,SwitchRight03,S1,Split,16,3,3,-7.365309590041022
604,NotAtaxic,Switch,SwitchRight03,S1,Washout,17,0,0,-1.102832832721731
605,NotAtaxic,Switch,SwitchRight03,S1,Washout,18,1,1,2.0497639973958144
606,NotAtaxic,Switch,SwitchRight03,S1,Washout,19,2,2,1.8190272901423867
607,NotAtaxic,Switch,SwitchRight03,S1,Washout,20,3,3,1.8324803824376659
608,NotAtaxic,Switch,SwitchRight03,S1,Washout,21,4,4,0.7001395177359484
609,NotAtaxic,Switch,SwitchRight03,S2,Baseline,22,0,3,-1.8750971013849451
610,NotAtaxic,Switch,SwitchRight03,S2,Baseline,23,1,4,-0.9176543264678116
611,NotAtaxic,Switch,SwitchRight03,S2,Baseline,24,2,5,-0.33964677290484246
612,NotAtaxic,Switch,SwitchRight03,S2,Split,25,0,4,-9.963526870265156
613,NotAtaxic,Switch,SwitchRight03,S2,Intersplit,26,0,9,0.04156864050661824
614,NotAtaxic,Switch,SwitchRight03,S2,Intersplit,27,1,10,-0.8135708895596849
615,NotAtaxic,Switch,SwitchRight03,S2,Intersplit,28,2,11,0.09059713344382203
616,NotAtaxic,Switch,SwitchRight03,S2,Split,29,1,5,-8.996951941287904
617,NotAtaxic,Switch,SwitchRight03,S2,Intersplit,30,3,12,1.40332308682531
618,NotAtaxic,Switch,SwitchRight03,S2,Intersplit,31,4,13,0.1121829254458504
619,NotAtaxic,Switch,SwitchRight03,S2,Intersplit,32,5,14,0.035264756944428655
620,NotAtaxic,Switch,SwitchRight03,S2,Split,33,2,6,-9.67505098593358
621,NotAtaxic,Switch,SwitchRight03,S2,Intersplit,34,6,15,0.41465373954386564
622,NotAtaxic,Switch,SwitchRight03,S2,Intersplit,35,7,16,-0.7561269432607389
623,NotAtaxic,Switch,SwitchRight03,S2,Intersplit,36,8,17,0.3641918452099162
624,NotAtaxic,Switch,SwitchRight03,S2,Split,37,3,7,-6.372008660827021
625,NotAtaxic,Switch,SwitchRight03,S2,Washout,38,0,5,-2.189143017084888
626,NotAtaxic,Switch,SwitchRight03,S2,Washout,39,1,6,-1.5089134328941327
627,NotAtaxic,Switch,SwitchRight03,S2,Washout,40,2,7,-2.1741308347143047
628,NotAtaxic,Switch,SwitchRight03,S2,Washout,41,3,8,-2.8008855954565064
629,NotAtaxic,Switch,SwitchRight03,S2,Washout,42,4,9,-1.942898528744493
630,NotAtaxic,Switch,SwitchRight03,S3,Baseline,43,0,6,0.7361209753788103
631,NotAtaxic,Switch,SwitchRight03,S3,Baseline,44,1,7,1.323152792574163
632,NotAtaxic,Switch,SwitchRight03,S3,Baseline,45,2,8,-0.5872553045099522
633,NotAtaxic,Switch,SwitchRight03,S3,Split,46,0,8,-6.144097838738958
634,NotAtaxic,Switch,SwitchRight03,S3,Intersplit,47,0,18,1.4359599412089636
635,NotAtaxic,Switch,SwitchRight03,S3,Intersplit,48,1,19,0.1867429174557742
636,NotAtaxic,Switch,SwitchRight03,S3,Intersplit,49,2,20,-0.7081465287642459
637,NotAtaxic,Switch,SwitchRight03,S3,Split,50,1,9,-4.905377012310623
638,NotAtaxic,Switch,SwitchRight03,S3,Intersplit,51,3,21,1.6809791025489034
639,NotAtaxic,Switch,SwitchRight03,S3,Intersplit,52,4,22,0.3527631663313002
640,NotAtaxic,Switch,SwitchRight03,S3,Intersplit,53,5,23,0.011397853042154793
641,NotAtaxic,Switch,SwitchRight03,S3,Split,54,2,10,-3.457734079071969
642,NotAtaxic,Switch,SwitchRight03,S3,Intersplit,55,6,24,-0.14326307508682135
643,NotAtaxic,Switch,SwitchRight03,S3,Intersplit,56,7,25,0.41668584718718193
644,NotAtaxic,Switch,SwitchRight03,S3,Intersplit,57,8,26,-0.9641628072719612
645,NotAtaxic,Switch,SwitchRight03,S3,Split,58,3,11,-6.440364953243346
646,NotAtaxic,Switch,SwitchRight03,S3,Washout,59,0,10,0.22476658676603734
647,NotAtaxic,Switch,SwitchRight03,S3,Washout,60,1,11,-0.8497141828440817
648,NotAtaxic,Switch,SwitchRight03,S3,Washout,61,2,12,1.774227257930903
649,NotAtaxic,Switch,SwitchRight03,S3,Washout,62,3,13,0.8794457021385682
650,NotAtaxic,Switch,SwitchRight03,S3,Washout,63,4,14,0.5811286695075637
651,NotAtaxic,Switch,SwitchRight03,S4,Baseline,64,0,9,0.976146351207376
652,NotAtaxic,Switch,SwitchRight03,S4,Baseline,65,1,10,-0.25744197344539543
653,NotAtaxic,Switch,SwitchRight03,S4,Baseline,66,2,11,1.1315702187894487
654,NotAtaxic,Switch,SwitchRight03,S4,Split,67,0,12,-4.837298152422676
655,NotAtaxic,Switch,SwitchRight03,S4,Intersplit,68,0,27,0.09688175085818074
656,NotAtaxic,Switch,SwitchRight03,S4,Intersplit,69,1,28,0.5686189456687138
657,NotAtaxic,Switch,SwitchRight03,S4,Intersplit,70,2,29,-0.5232454550386478
658,NotAtaxic,Switch,SwitchRight03,S4,Split,71,1,13,-2.709128639914752
659,NotAtaxic,Switch,SwitchRight03,S4,Intersplit,72,3,30,0.15383633700287191
660,NotAtaxic,Switch,SwitchRight03,S4,Intersplit,73,4,31,0.6954462841303837
661,NotAtaxic,Switch,SwitchRight03,S4,Intersplit,74,5,32,0.4275389391966371
662,NotAtaxic,Switch,SwitchRight03,S4,Split,75,2,14,-2.5742039535984986
663,NotAtaxic,Switch,SwitchRight03,S4,Intersplit,76,6,33,-0.6400214301215215
664,NotAtaxic,Switch,SwitchRight03,S4,Intersplit,77,7,34,-2.4839150785195443
665,NotAtaxic,Switch,SwitchRight03,S4,Intersplit,78,8,35,-0.5550808376736143
666,NotAtaxic,Switch,SwitchRight03,S4,Split,79,3,15,-5.755615234375057
667,NotAtaxic,Switch,SwitchRight03,S4,Washout,80,0,15,0.8609656131628753
668,NotAtaxic,Switch,SwitchRight03,S4,Washout,81,1,16,-0.5080444644195978
669,NotAtaxic,Switch,SwitchRight03,S4,Washout,82,2,17,-0.5978362728851039
670,NotAtaxic,Switch,SwitchRight03,S4,Washout,83,3,18,-0.08548004458651803
671,NotAtaxic,Switch,SwitchRight03,S4,Washout,84,4,19,-0.9650182242345409
672,NotAtaxic,Switch,SwitchRight03,S5,Baseline,85,0,12,-0.3173609775324877
673,NotAtaxic,Switch,SwitchRight03,S5,Baseline,86,1,13,1.128133138020786
674,NotAtaxic,Switch,SwitchRight03,S5,Baseline,87,2,14,0.9598548966224882
675,NotAtaxic,Switch,SwitchRight03,S5,Split,88,0,16,-4.892152728456466
676,NotAtaxic,Switch,SwitchRight03,S5,Intersplit,89,0,36,0.23859197443181301
677,NotAtaxic,Switch,SwitchRight03,S5,Intersplit,90,1,37,0.8235661670415197
678,NotAtaxic,Switch,SwitchRight03,S5,Intersplit,91,2,38,0.7084393742108972
679,NotAtaxic,Switch,SwitchRight03,S5,Split,92,1,17,-6.102467546559325
680,NotAtaxic,Switch,SwitchRight03,S5,Intersplit,93,3,39,0.9265475802950931
681,NotAtaxic,Switch,SwitchRight03,S5,Intersplit,94,4,40,0.25861335523197226
682,NotAtaxic,Switch,SwitchRight03,S5,Intersplit,95,5,41,-0.09535009210761203
683,NotAtaxic,Switch,SwitchRight03,S5,Split,96,2,18,-4.401297521109541
684,NotAtaxic,Switch,SwitchRight03,S5,Intersplit,97,6,42,-1.215724752406885
685,NotAtaxic,Switch,SwitchRight03,S5,Intersplit,98,7,43,-0.9401723431416968
686,NotAtaxic,Switch,SwitchRight03,S5,Intersplit,99,8,44,1.7537203702059543
687,NotAtaxic,Switch,SwitchRight03,S5,Split,100,3,19,-3.3593225960779876
688,NotAtaxic,Switch,SwitchRight03,S5,Washout,101,0,20,0.7687291056875551
689,NotAtaxic,Switch,SwitchRight03,S5,Washout,102,1,21,-0.5495321871054273
690,NotAtaxic,Switch,SwitchRight03,S5,Washout,103,2,22,-1.2936062282986285
691,NotAtaxic,Switch,SwitchRight03,S5,Washout,104,3,23,-0.847263528843115
692,NotAtaxic,Switch,SwitchRight03,S5,Washout,105,4,24,-0.9405385141197797
693,NotAtaxic,Switch,SwitchRight03,S6,Baseline,106,0,15,0.3684458106455395
694,NotAtaxic,Switch,SwitchRight03,S6,Baseline,107,1,16,0.056657887468418267
695,NotAtaxic,Switch,SwitchRight03,S6,Baseline,108,2,17,-0.38408992266414543
696,NotAtaxic,Switch,SwitchRight03,S6,Baseline,109,3,18,0.15473799272015754
697,NotAtaxic,Switch,SwitchRight03,S6,Baseline,110,4,19,-1.7734103732638573
698,NotAtaxic,Switch,SwitchRight03,S6,Split,111,0,20,
699,NotAtaxic,Switch,SwitchRight03,S6,Split,112,1,21,-4.457639443753962
700,NotAtaxic,Switch,SwitchRight03,S6,Split,113,2,22,-6.11294062450682
701,NotAtaxic,Switch,SwitchRight03,S6,Split,114,3,23,-5.034467909071182
702,NotAtaxic,Switch,SwitchRight03,S6,Split,115,4,24,-5.319136802596276
703,NotAtaxic,Switch,SwitchRight03,S6,Split,116,5,25,-5.400825269294529
704,NotAtaxic,Switch,SwitchRight03,S6,Split,117,6,26,-2.3378776781486863
705,NotAtaxic,Switch,SwitchRight03,S6,Split,118,7,27,-4.845736725161771
706,NotAtaxic,Switch,SwitchRight03,S6,Split,119,8,28,-3.7176112936000436
707,NotAtaxic,Switch,SwitchRight03,S6,Split,120,9,29,-3.2771794482915197
708,NotAtaxic,Switch,SwitchRight03,S6,Split,121,10,30,-5.0696478949652715
709,NotAtaxic,Switch,SwitchRight03,S6,Split,122,11,31,-5.188196355646326
710,NotAtaxic,Switch,SwitchRight03,S6,Washout,123,0,25,0.4445548009390734
711,NotAtaxic,Switch,SwitchRight03,S6,Washout,124,1,26,0.8228417598839854
712,NotAtaxic,Switch,SwitchRight03,S6,Washout,125,2,27,-0.6653294418797202
713,NotAtaxic,Switch,SwitchRight03,S6,Washout,126,3,28,1.2367441196634559
714,NotAtaxic,Switch,SwitchRight03,S7,Washout,127,-1,29,0.26689009232956096
715,NotAtaxic,Switch,SwitchRight03,S7,Washout,128,0,30,-2.0869707820391454
716,NotAtaxic,Switch,SwitchRight03,S7,Washout,129,1,31,-0.21947995580805468
717,NotAtaxic,Switch,SwitchRight03,S7,Washout,130,2,32,-0.8375765097261763
718,NotAtaxic,Switch,SwitchRight03,S7,Washout,131,3,33,0.553909455887009
719,NotAtaxic,Switch,SwitchRight03,S7,Washout,132,4,34,0.2768776633522805
720,NotAtaxic,Switch,SwitchRight03,S7,Washout,133,5,35,0.4839348070549079
721,NotAtaxic,Switch,SwitchRight03,S7,Washout,134,6,36,0.6288664806676252
722,NotAtaxic,Switch,SwitchRight03,S7,Washout,135,7,37,1.0148790147569002
723,NotAtaxic,Switch,SwitchRight03,S7,Washout,136,8,38,1.0095230256668088
724,NotAtaxic,Switch,SwitchRight03,S7,Washout,137,9,39,-0.5069417985601774
725,NotAtaxic,Switch,SwitchRight03,S7,Washout,138,10,40,-1.5660449711963338
726,NotAtaxic,Switch,SwitchRight03,S7,Washout,139,11,41,-0.6288624773121541
727,NotAtaxic,Switch,SwitchRight03,S7,Washout,140,12,42,-1.5969941110322026
728,NotAtaxic,Switch,SwitchRight03,S7,Washout,141,13,43,-2.988410718513279
729,NotAtaxic,Switch,SwitchRight03,S7,Washout,142,14,44,0.018264308120279793
730,NotAtaxic,Switch,SwitchRight03,S7,Washout,143,15,45,0.4129814379142829
731,NotAtaxic,Switch,SwitchRight03,S7,Washout,144,16,46,0.9528574317392895
732,NotAtaxic,Switch,SwitchRight03,S7,Washout,145,17,47,-0.708963413431178
733,NotAtaxic,Switch,SwitchRight03,S7,Washout,146,18,48,-1.606665717230939
734,NotAtaxic,Switch,SwitchRight03,S7,Washout,147,19,49,-0.4418267144097001
735,NotAtaxic,Switch,SwitchRight04,S1,Baseline,1,0,0,-0.537795249861901
736,NotAtaxic,Switch,SwitchRight04,S1,Baseline,2,1,1,0.3268617572206125
737,NotAtaxic,Switch,SwitchRight04,S1,Baseline,3,2,2,0.0
738,NotAtaxic,Switch,SwitchRight04,S1,Split,4,0,0,-9.400785812223816
739,NotAtaxic,Switch,SwitchRight04,S1,Intersplit,5,0,0,0.3931835444286378
740,NotAtaxic,Switch,SwitchRight04,S1,Intersplit,6,1,1,1.693355675899582
741,NotAtaxic,Switch,SwitchRight04,S1,Intersplit,7,2,2,-1.1686228742503175
742,NotAtaxic,Switch,SwitchRight04,S1,Split,8,1,1,-7.7634869199810765
743,NotAtaxic,Switch,SwitchRight04,S1,Intersplit,9,3,3,2.7514216875789117
744,NotAtaxic,Switch,SwitchRight04,S1,Intersplit,10,4,4,2.1130186138730522
745,NotAtaxic,Switch,SwitchRight04,S1,Intersplit,11,5,5,0.27689307627049686
746,NotAtaxic,Switch,SwitchRight04,S1,Split,12,2,2,-8.083906077375318
747,NotAtaxic,Switch,SwitchRight04,S1,Intersplit,13,6,6,1.3985836144649255
748,NotAtaxic,Switch,SwitchRight04,S1,Intersplit,14,7,7,1.7970647280516658
749,NotAtaxic,Switch,SwitchRight04,S1,Intersplit,15,8,8,-0.1886772386955613
750,NotAtaxic,Switch,SwitchRight04,S1,Split,16,3,3,-6.2106662326389
751,NotAtaxic,Switch,SwitchRight04,S1,Washout,17,0,0,-0.6591503797621812
752,NotAtaxic,Switch,SwitchRight04,S1,Washout,18,1,1,1.7683549360795183
753,NotAtaxic,Switch,SwitchRight04,S1,Washout,19,2,2,-1.155999694207722
754,NotAtaxic,Switch,SwitchRight04,S1,Washout,20,3,3,-0.5827239065459509
755,NotAtaxic,Switch,SwitchRight04,S1,Washout,21,4,4,-0.4536175968671188
756,NotAtaxic,Switch,SwitchRight04,S2,Baseline,22,0,3,-0.23334002253988473
757,NotAtaxic,Switch,SwitchRight04,S2,Baseline,23,1,4,-1.2107052786985122
758,NotAtaxic,Switch,SwitchRight04,S2,Baseline,24,2,5,0.5643131757023099
759,NotAtaxic,Switch,SwitchRight04,S2,Split,25,0,4,-5.211578578315951
760,NotAtaxic,Switch,SwitchRight04,S2,Intersplit,26,0,9,-0.769397465869659
761,NotAtaxic,Switch,SwitchRight04,S2,Intersplit,27,1,10,1.1846214833885398
762,NotAtaxic,Switch,SwitchRight04,S2,Intersplit,28,2,11,-0.3997725669783705
763,NotAtaxic,Switch,SwitchRight04,S2,Split,29,1,5,-4.742323750197315
764,NotAtaxic,Switch,SwitchRight04,S2,Intersplit,30,3,12,1.223261669428652
765,NotAtaxic,Switch,SwitchRight04,S2,Intersplit,31,4,13,0.5850589636600461
766,NotAtaxic,Switch,SwitchRight04,S2,Intersplit,32,5,14,-1.733621924814571
767,NotAtaxic,Switch,SwitchRight04,S2,Split,33,2,6,-5.42020701398755
768,NotAtaxic,Switch,SwitchRight04,S2,Intersplit,34,6,15,-0.2955118815104498
769,NotAtaxic,Switch,SwitchRight04,S2,Intersplit,35,7,16,-1.292889527600238
770,NotAtaxic,Switch,SwitchRight04,S2,Intersplit,36,8,17,-0.8105499575836603
771,NotAtaxic,Switch,SwitchRight04,S2,Split,37,3,7,-7.5225290625986645
772,NotAtaxic,Switch,SwitchRight04,S2,Washout,38,0,5,-0.03739944612139823
773,NotAtaxic,Switch,SwitchRight04,S2,Washout,39,1,6,-1.5037498088798245
774,NotAtaxic,Switch,SwitchRight04,S2,Washout,40,2,7,-1.0363877421677898
775,NotAtaxic,Switch,SwitchRight04,S2,Washout,41,3,8,-0.4338274098406174
776,NotAtaxic,Switch,SwitchRight04,S2,Washout,42,4,9,-1.8553146208175804
777,NotAtaxic,Switch,SwitchRight04,S3,Baseline,43,0,6,0.5511967822758663
778,NotAtaxic,Switch,SwitchRight04,S3,Baseline,44,1,7,0.32057328657668904
779,NotAtaxic,Switch,SwitchRight04,S3,Baseline,45,2,8,-0.4108852810330177
780,NotAtaxic,Switch,SwitchRight04,S3,Split,46,0,8,-4.243407586608285
781,NotAtaxic,Switch,SwitchRight04,S3,Intersplit,47,0,18,0.4259668215356811
782,NotAtaxic,Switch,SwitchRight04,S3,Intersplit,48,1,19,0.03199721827648716
783,NotAtaxic,Switch,SwitchRight04,S3,Intersplit,49,2,20,0.2709745156644061
784,NotAtaxic,Switch,SwitchRight04,S3,Split,50,1,9,-5.159011994949552
785,NotAtaxic,Switch,SwitchRight04,S3,Intersplit,51,3,21,0.2798523565734996
786,NotAtaxic,Switch,SwitchRight04,S3,Intersplit,52,4,22,0.05399915907115371
787,NotAtaxic,Switch,SwitchRight04,S3,Intersplit,53,5,23,-0.5343658755524388
788,NotAtaxic,Switch,SwitchRight04,S3,Split,54,2,10,-5.086062652896132
789,NotAtaxic,Switch,SwitchRight04,S3,Intersplit,55,6,24,-0.7971484251696666
790,NotAtaxic,Switch,SwitchRight04,S3,Intersplit,56,7,25,0.2628210819128327
791,NotAtaxic,Switch,SwitchRight04,S3,Intersplit,57,8,26,-0.22405759252687574
792,NotAtaxic,Switch,SwitchRight04,S3,Split,58,3,11,-3.9091476286300377
793,NotAtaxic,Switch,SwitchRight04,S3,Washout,59,0,10,-0.802419643209447
794,NotAtaxic,Switch,SwitchRight04,S3,Washout,60,1,11,-0.7047094479955831
795,NotAtaxic,Switch,SwitchRight04,S3,Washout,61,2,12,-1.637152469519421
796,NotAtaxic,Switch,SwitchRight04,S3,Washout,62,3,13,0.24609806561709036
797,NotAtaxic,Switch,SwitchRight04,S3,Washout,63,4,14,-0.4382509173768909
798,NotAtaxic,Switch,SwitchRight04,S4,Baseline,64,0,9,0.3233244924834082
799,NotAtaxic,Switch,SwitchRight04,S4,Baseline,65,1,10,-1.060593730271492
800,NotAtaxic,Switch,SwitchRight04,S4,Baseline,66,2,11,-0.5711488049440021
801,NotAtaxic,Switch,SwitchRight04,S4,Split,67,0,12,-3.6061142430161084
802,NotAtaxic,Switch,SwitchRight04,S4,Intersplit,68,0,27,-0.3324874723800946
803,NotAtaxic,Switch,SwitchRight04,S4,Intersplit,69,1,28,-0.4075483842329817
804,NotAtaxic,Switch,SwitchRight04,S4,Intersplit,70,2,29,-0.1876831054687642
805,NotAtaxic,Switch,SwitchRight04,S4,Split,71,1,13,-3.7288318980823902
806,NotAtaxic,Switch,SwitchRight04,S4,Intersplit,72,3,30,1.275187790995858
807,NotAtaxic,Switch,SwitchRight04,S4,Intersplit,73,4,31,-1.2347288806029582
808,NotAtaxic,Switch,SwitchRight04,S4,Intersplit,74,5,32,-1.8909338748816538
809,NotAtaxic,Switch,SwitchRight04,S4,Split,75,2,14,-5.728334369081452
810,NotAtaxic,Switch,SwitchRight04,S4,Intersplit,76,6,33,-0.26659724688288833
811,NotAtaxic,Switch,SwitchRight04,S4,Intersplit,77,7,34,0.2451578776041714
812,NotAtaxic,Switch,SwitchRight04,S4,Intersplit,78,8,35,-0.8542918195628317
813,NotAtaxic,Switch,SwitchRight04,S4,Split,79,3,15,-3.4404407848011402
814,NotAtaxic,Switch,SwitchRight04,S4,Washout,80,0,15,-0.46125765498716476
815,NotAtaxic,Switch,SwitchRight04,S4,Washout,81,1,16,-0.762779544098251
816,NotAtaxic,Switch,SwitchRight04,S4,Washout,82,2,17,-0.12428977272729469
817,NotAtaxic,Switch,SwitchRight04,S4,Washout,83,3,18,-0.6624626390862005
818,NotAtaxic,Switch,SwitchRight04,S4,Washout,84,4,19,-1.6497833560211461
819,NotAtaxic,Switch,SwitchRight04,S5,Baseline,85,0,12,-0.3054146814827874
820,NotAtaxic,Switch,SwitchRight04,S5,Baseline,86,1,13,-0.2095694493765876
821,NotAtaxic,Switch,SwitchRight04,S5,Baseline,87,2,14,-0.6295918508544815
822,NotAtaxic,Switch,SwitchRight04,S5,Split,88,0,16,-5.273036764125621
823,NotAtaxic,Switch,SwitchRight04,S5,Intersplit,89,0,36,0.8888784081044747
824,NotAtaxic,Switch,SwitchRight04,S5,Intersplit,90,1,37,-0.37395592891809315
825,NotAtaxic,Switch,SwitchRight04,S5,Intersplit,91,2,38,-0.027419581557794004
826,NotAtaxic,Switch,SwitchRight04,S5,Split,92,1,17,-5.248314443260767
827,NotAtaxic,Switch,SwitchRight04,S5,Intersplit,93,3,39,0.2480400933159359
828,NotAtaxic,Switch,SwitchRight04,S5,Intersplit,94,4,40,-0.47055639401831684
829,NotAtaxic,Switch,SwitchRight04,S5,Intersplit,95,5,41,-1.4219650114425662
830,NotAtaxic,Switch,SwitchRight04,S5,Split,96,2,18,-4.980222143308069
831,NotAtaxic,Switch,SwitchRight04,S5,Intersplit,97,6,42,-0.2680537676570651
832,NotAtaxic,Switch,SwitchRight04,S5,Intersplit,98,7,43,-1.0829887004813799
833,NotAtaxic,Switch,SwitchRight04,S5,Intersplit,99,8,44,-0.4247492009943272
834,NotAtaxic,Switch,SwitchRight04,S5,Split,100,3,19,-4.330567639283501
835,NotAtaxic,Switch,SwitchRight04,S5,Washout,101,0,20,-1.6408091843730617
836,NotAtaxic,Switch,SwitchRight04,S5,Washout,102,1,21,0.301915949041188
837,NotAtaxic,Switch,SwitchRight04,S5,Washout,103,2,22,-1.3987377436474588
838,NotAtaxic,Switch,SwitchRight04,S5,Washout,104,3,23,-1.4701303809580253
839,NotAtaxic,Switch,SwitchRight04,S5,Washout,105,4,24,-1.6665757304490256
840,NotAtaxic,Switch,SwitchRight04,S6,Baseline,106,0,15,0.39275198271779743
841,NotAtaxic,Switch,SwitchRight04,S6,Baseline,107,1,16,0.5320385248974304
842,NotAtaxic,Switch,SwitchRight04,S6,Baseline,108,2,17,-0.21099899754382534
843,NotAtaxic,Switch,SwitchRight04,S6,Baseline,109,3,18,-0.1329980715356811
844,NotAtaxic,Switch,SwitchRight04,S6,Baseline,110,4,19,-1.1971367730034927
845,NotAtaxic,Switch,SwitchRight04,S6,Split,111,0,20,-6.816640526357347
846,NotAtaxic,Switch,SwitchRight04,S6,Split,112,1,21,-3.9458303740530454
847,NotAtaxic,Switch,SwitchRight04,S6,Split,113,2,22,-5.30797014332785
848,NotAtaxic,Switch,SwitchRight04,S6,Split,114,3,23,-2.6624154353487484
849,NotAtaxic,Switch,SwitchRight04,S6,Split,115,4,24,-3.505622016059064
850,NotAtaxic,Switch,SwitchRight04,S6,Split,116,5,25,-3.2614505652225603
851,NotAtaxic,Switch,SwitchRight04,S6,Split,117,6,26,-2.507728037208011
852,NotAtaxic,Switch,SwitchRight04,S6,Split,118,7,27,-3.2284206814236285
853,NotAtaxic,Switch,SwitchRight04,S6,Split,119,8,28,-2.0849131574534425
854,NotAtaxic,Switch,SwitchRight04,S6,Split,120,9,29,-2.580430772569443
855,NotAtaxic,Switch,SwitchRight04,S6,Split,121,10,30,-2.035715122415567
856,NotAtaxic,Switch,SwitchRight04,S6,Split,122,11,31,-3.901410343671131
857,NotAtaxic,Switch,SwitchRight04,S6,Washout,123,0,25,-0.07283374516653396
858,NotAtaxic,Switch,SwitchRight04,S6,Washout,124,1,26,-0.32733955768625833
859,NotAtaxic,Switch,SwitchRight04,S6,Washout,125,2,27,-0.016723016295799198
860,NotAtaxic,Switch,SwitchRight04,S6,Washout,126,3,28,-0.6135343301176022
861,NotAtaxic,Switch,SwitchRight04,S7,Washout,127,-1,29,0.6188132546164127
862,NotAtaxic,Switch,SwitchRight04,S7,Washout,128,0,30,0.0424240574692476
863,NotAtaxic,Switch,SwitchRight04,S7,Washout,129,1,31,0.35748722577334036
864,NotAtaxic,Switch,SwitchRight04,S7,Washout,130,2,32,1.4570679327454172
865,NotAtaxic,Switch,SwitchRight04,S7,Washout,131,3,33,1.0184856376262559
866,NotAtaxic,Switch,SwitchRight04,S7,Washout,132,4,34,0.6202235366358764
867,NotAtaxic,Switch,SwitchRight04,S7,Washout,133,5,35,0.2256297101877891
868,NotAtaxic,Switch,SwitchRight04,S7,Washout,134,6,36,1.5660757970328092
869,NotAtaxic,Switch,SwitchRight04,S7,Washout,135,7,37,0.0662948146010649
870,NotAtaxic,Switch,SwitchRight04,S7,Washout,136,8,38,-1.840602990352778
871,NotAtaxic,Switch,SwitchRight04,S7,Washout,137,9,39,-0.22055886008523373
872,NotAtaxic,Switch,SwitchRight04,S7,Washout,138,10,40,-1.4797942806976465
873,NotAtaxic,Switch,SwitchRight04,S7,Washout,139,11,41,-1.0409114336726901
874,NotAtaxic,Switch,SwitchRight04,S7,Washout,140,12,42,-0.33440381188184176
875,NotAtaxic,Switch,SwitchRight04,S7,Washout,141,13,43,-1.4547637014678259
876,NotAtaxic,Switch,SwitchRight04,S7,Washout,142,14,44,-0.7548219828493217
877,NotAtaxic,Switch,SwitchRight04,S7,Washout,143,15,45,-1.659133948336418
878,NotAtaxic,Switch,SwitchRight04,S7,Washout,144,16,46,0.6056660353535079
879,NotAtaxic,Switch,SwitchRight04,S7,Washout,145,17,47,-1.2213967063210731
880,NotAtaxic,Switch,SwitchRight04,S7,Washout,146,18,48,-0.2183702256944713
881,NotAtaxic,Switch,SwitchRight04,S7,Washout,147,19,49,-1.388657695115242
